n,s,s_over_n,shape,config
6,3,0.500000,S2,2x3
7,7,1.000000,S1,"AGL(1,7)"
8,8,1.000000,S1,"AGL(1,8)"
9,9,1.000000,S1,"AGL(1,9)"
10,5,0.500000,S2,2x5
11,11,1.000000,S1,"AGL(1,11)"
12,5,0.416667,S3,1x5 + 7* (q=3)
13,13,1.000000,S1,"AGL(1,13)"
14,7,0.500000,S2,2x7
15,5,0.333333,S2,3x5
16,16,1.000000,S1,"AGL(1,16)"
17,17,1.000000,S1,"AGL(1,17)"
18,9,0.500000,S2,2x9
19,19,1.000000,S1,"AGL(1,19)"
20,9,0.450000,S3,1x9 + 11* (q=5)
21,7,0.333333,S2,3x7
22,11,0.500000,S2,2x11
23,23,1.000000,S1,"AGL(1,23)"
24,11,0.458333,S3,1x13 + 11* (q=5)
25,25,1.000000,S1,"AGL(1,25)"
26,13,0.500000,S2,2x13
27,27,1.000000,S1,"AGL(1,27)"
28,11,0.392857,S3,1x11 + 17* (q=2)
29,29,1.000000,S1,"AGL(1,29)"
30,13,0.433333,S3,1x13 + 17* (q=2)
31,31,1.000000,S1,"AGL(1,31)"
32,32,1.000000,S1,"AGL(1,32)"
33,16,0.484848,S3,1x16 + 17* (q=2)
34,17,0.500000,S2,2x17
35,16,0.457143,S3,1x16 + 19* (q=3)
36,17,0.472222,S3,1x17 + 19* (q=3)
37,37,1.000000,S1,"AGL(1,37)"
38,19,0.500000,S2,2x19
39,16,0.410256,S3,1x16 + 23* (q=11)
40,17,0.425000,S3,1x17 + 23* (q=11)
41,41,1.000000,S1,"AGL(1,41)"
42,19,0.452381,S3,1x19 + 23* (q=11)
43,43,1.000000,S1,"AGL(1,43)"
44,19,0.431818,S3,1x25 + 19* (q=3)
45,13,0.288889,S7f2,2x13 + 19* (q=3)
46,23,0.500000,S2,2x23
47,47,1.000000,S1,"AGL(1,47)"
48,23,0.479167,S3,1x25 + 23* (q=11)
49,49,1.000000,S1,"AGL(1,49)"
50,25,0.500000,S2,2x25
51,19,0.372549,S3,1x32 + 19* (q=3)
52,23,0.442308,S3,1x29 + 23* (q=11)
53,53,1.000000,S1,"AGL(1,53)"
54,27,0.500000,S2,2x27
55,23,0.418182,S3,1x32 + 23* (q=11)
56,19,0.339286,S3,1x37 + 19* (q=3)
57,19,0.333333,S2,3x19
58,29,0.500000,S2,2x29
59,59,1.000000,S1,"AGL(1,59)"
60,23,0.383333,S3,1x37 + 23* (q=11)
61,61,1.000000,S1,"AGL(1,61)"
62,31,0.500000,S2,2x31
63,17,0.269841,S7f2,2x23 + 17* (q=2)
64,64,1.000000,S1,"AGL(1,64)"
65,19,0.292308,S7f2,2x23 + 19* (q=3)
66,23,0.348485,S3,1x43 + 23* (q=11)
67,67,1.000000,S1,"AGL(1,67)"
68,19,0.279412,S3,1x49 + 19* (q=3)
69,23,0.333333,S2,3x23
70,23,0.328571,S3,1x23 + 47* (q=23)
71,71,1.000000,S1,"AGL(1,71)"
72,25,0.347222,S3,1x25 + 47* (q=23)
73,73,1.000000,S1,"AGL(1,73)"
74,37,0.500000,S2,2x37
75,25,0.333333,S2,3x25
76,29,0.381579,S3,1x29 + 47* (q=23)
77,23,0.298701,S7f2,2x27 + 23* (q=11)
78,31,0.397436,S3,1x31 + 47* (q=23)
79,79,1.000000,S1,"AGL(1,79)"
80,19,0.237500,S7f3,3x19 + 23* (q=11)
81,81,1.000000,S1,"AGL(1,81)"
82,41,0.500000,S2,2x41
83,83,1.000000,S1,"AGL(1,83)"
84,37,0.440476,S3,1x37 + 47* (q=23)
85,23,0.270588,S7f2,2x31 + 23* (q=11)
86,43,0.500000,S2,2x43
87,29,0.333333,S2,3x29
88,41,0.465909,S3,1x41 + 47* (q=23)
89,89,1.000000,S1,"AGL(1,89)"
90,43,0.477778,S3,1x43 + 47* (q=23)
91,32,0.351648,S3,1x32 + 59* (q=29)
92,23,0.250000,S2,4x23
93,31,0.333333,S2,3x31
94,47,0.500000,S2,2x47
95,19,0.200000,S2,5x19
96,47,0.489583,S3,1x49 + 47* (q=23)
97,97,1.000000,S1,"AGL(1,97)"
98,49,0.500000,S2,2x49
99,19,0.191919,S7f4,4x19 + 23* (q=11)
100,47,0.470000,S3,1x53 + 47* (q=23)
101,101,1.000000,S1,"AGL(1,101)"
102,43,0.421569,S3,1x43 + 59* (q=29)
103,103,1.000000,S1,"AGL(1,103)"
104,23,0.221154,S7f3,3x27 + 23* (q=11)
105,29,0.276190,S7f2,2x29 + 47* (q=23)
106,53,0.500000,S2,2x53
107,107,1.000000,S1,"AGL(1,107)"
108,49,0.453704,S3,1x49 + 59* (q=29)
109,109,1.000000,S1,"AGL(1,109)"
110,27,0.245455,S3,1x27 + 83* (q=41)
111,47,0.423423,S3,1x64 + 47* (q=23)
112,53,0.473214,S3,1x53 + 59* (q=29)
113,113,1.000000,S1,"AGL(1,113)"
114,47,0.412281,S3,1x67 + 47* (q=23)
115,32,0.278261,S3,1x32 + 83* (q=41)
116,29,0.250000,S2,4x29
117,29,0.247863,S7f2,2x29 + 59* (q=29)
118,59,0.500000,S2,2x59
119,23,0.193277,S7f3,3x32 + 23* (q=11)
120,59,0.491667,S3,1x61 + 59* (q=29)
121,121,1.000000,S1,"AGL(1,121)"
122,61,0.500000,S2,2x61
123,59,0.479675,S3,1x64 + 59* (q=29)
124,41,0.330645,S3,1x41 + 83* (q=41)
125,125,1.000000,S1,"AGL(1,125)"
126,59,0.468254,S3,1x67 + 59* (q=29)
127,127,1.000000,S1,"AGL(1,127)"
128,128,1.000000,S1,"AGL(1,128)"
129,43,0.333333,S2,3x43
130,59,0.453846,S3,1x71 + 59* (q=29)
131,131,1.000000,S1,"AGL(1,131)"
132,59,0.446970,S3,1x73 + 59* (q=29)
133,43,0.323308,S7f2,2x43 + 47* (q=23)
134,67,0.500000,S2,2x67
135,27,0.200000,S2,5x27
136,53,0.389706,S3,1x53 + 83* (q=41)
137,137,1.000000,S1,"AGL(1,137)"
138,59,0.427536,S3,1x79 + 59* (q=29)
139,139,1.000000,S1,"AGL(1,139)"
140,59,0.421429,S3,1x81 + 59* (q=29)
141,47,0.333333,S2,3x47
142,71,0.500000,S2,2x71
143,32,0.223776,S7f3,3x32 + 47* (q=23)
144,61,0.423611,S3,1x61 + 83* (q=41)
145,47,0.324138,S7f2,2x49 + 47* (q=23)
146,73,0.500000,S2,2x73
147,64,0.435374,S3,1x64 + 83* (q=41)
148,59,0.398649,S3,1x89 + 59* (q=29)
149,149,1.000000,S1,"AGL(1,149)"
150,67,0.446667,S3,1x67 + 83* (q=41)
151,151,1.000000,S1,"AGL(1,151)"
152,31,0.203947,S7f3,3x31 + 59* (q=29)
153,47,0.307190,S7f2,2x47 + 59* (q=29)
154,71,0.461039,S3,1x71 + 83* (q=41)
155,32,0.206452,S7f3,3x32 + 59* (q=29)
156,73,0.467949,S3,1x73 + 83* (q=41)
157,157,1.000000,S1,"AGL(1,157)"
158,79,0.500000,S2,2x79
159,53,0.333333,S2,3x53
160,59,0.368750,S3,1x101 + 59* (q=29)
161,27,0.167702,S7f2,2x27 + 107* (q=53)
162,81,0.500000,S2,2x81
163,163,1.000000,S1,"AGL(1,163)"
164,81,0.493902,S3,1x81 + 83* (q=41)
165,53,0.321212,S7f2,2x53 + 59* (q=29)
166,83,0.500000,S2,2x83
167,167,1.000000,S1,"AGL(1,167)"
168,61,0.363095,S3,1x61 + 107* (q=53)
169,169,1.000000,S1,"AGL(1,169)"
170,41,0.241176,S7f3,3x41 + 47* (q=23)
171,64,0.374269,S3,1x64 + 107* (q=53)
172,83,0.482558,S3,1x89 + 83* (q=41)
173,173,1.000000,S1,"AGL(1,173)"
174,67,0.385057,S3,1x67 + 107* (q=53)
175,47,0.268571,S7f2,2x64 + 47* (q=23)
176,43,0.244318,S7f3,3x43 + 47* (q=23)
177,59,0.333333,S2,3x59
178,89,0.500000,S2,2x89
179,179,1.000000,S1,"AGL(1,179)"
180,83,0.461111,S3,1x97 + 83* (q=41)
181,181,1.000000,S1,"AGL(1,181)"
182,41,0.225275,S7f3,3x41 + 59* (q=29)
183,61,0.333333,S2,3x61
184,83,0.451087,S3,1x101 + 83* (q=41)
185,37,0.200000,S2,5x37
186,83,0.446237,S3,1x103 + 83* (q=41)
187,59,0.315508,S7f2,2x64 + 59* (q=29)
188,81,0.430851,S3,1x81 + 107* (q=53)
189,53,0.280423,S7f2,2x53 + 83* (q=41)
190,83,0.436842,S3,1x83 + 107* (q=53)
191,191,1.000000,S1,"AGL(1,191)"
192,83,0.432292,S3,1x109 + 83* (q=41)
193,193,1.000000,S1,"AGL(1,193)"
194,97,0.500000,S2,2x97
195,37,0.189744,S7f4,4x37 + 47* (q=23)
196,89,0.454082,S3,1x89 + 107* (q=53)
197,197,1.000000,S1,"AGL(1,197)"
198,59,0.297980,S3,1x139 + 59* (q=29)
199,199,1.000000,S1,"AGL(1,199)"
200,47,0.235000,S7f3,3x47 + 59* (q=29)
201,67,0.333333,S2,3x67
202,101,0.500000,S2,2x101
203,32,0.157635,S7f3,3x32 + 107* (q=53)
204,97,0.475490,S3,1x97 + 107* (q=53)
205,61,0.297561,S7f2,2x61 + 83* (q=41)
206,103,0.500000,S2,2x103
207,37,0.178744,S7f4,4x37 + 59* (q=29)
208,101,0.485577,S3,1x101 + 107* (q=53)
209,47,0.224880,S7f2,2x81 + 47* (q=23)
210,103,0.490476,S3,1x103 + 107* (q=53)
211,211,1.000000,S1,"AGL(1,211)"
212,53,0.250000,S2,4x53
213,71,0.333333,S2,3x71
214,107,0.500000,S2,2x107
215,43,0.200000,S2,5x43
216,107,0.495370,S3,1x109 + 107* (q=53)
217,67,0.308756,S7f2,2x67 + 83* (q=41)
218,109,0.500000,S2,2x109
219,73,0.333333,S2,3x73
220,107,0.486364,S3,1x113 + 107* (q=53)
221,59,0.266968,S7f2,2x81 + 59* (q=29)
222,83,0.373874,S3,1x139 + 83* (q=41)
223,223,1.000000,S1,"AGL(1,223)"
224,61,0.272321,S3,1x61 + 163* (q=3)
225,71,0.315556,S7f2,2x71 + 83* (q=41)
226,113,0.500000,S2,2x113
227,227,1.000000,S1,"AGL(1,227)"
228,107,0.469298,S3,1x121 + 107* (q=53)
229,229,1.000000,S1,"AGL(1,229)"
230,67,0.291304,S3,1x67 + 163* (q=3)
231,64,0.277056,S3,1x64 + 167* (q=83)
232,107,0.461207,S3,1x125 + 107* (q=53)
233,233,1.000000,S1,"AGL(1,233)"
234,107,0.457265,S3,1x127 + 107* (q=53)
235,107,0.455319,S3,1x128 + 107* (q=53)
236,73,0.309322,S3,1x73 + 163* (q=3)
237,79,0.333333,S2,3x79
238,107,0.449580,S3,1x131 + 107* (q=53)
239,239,1.000000,S1,"AGL(1,239)"
240,83,0.345833,S3,1x157 + 83* (q=41)
241,241,1.000000,S1,"AGL(1,241)"
242,121,0.500000,S2,2x121
243,243,1.000000,S1,"AGL(1,243)"
244,107,0.438525,S3,1x137 + 107* (q=53)
245,81,0.330612,S7f2,2x81 + 83* (q=41)
246,107,0.434959,S3,1x139 + 107* (q=53)
247,47,0.190283,S7f4,4x47 + 59* (q=29)
248,81,0.326613,S3,1x81 + 167* (q=83)
249,83,0.333333,S2,3x83
250,125,0.500000,S2,2x125
251,251,1.000000,S1,"AGL(1,251)"
252,89,0.353175,S3,1x89 + 163* (q=3)
253,73,0.288538,S7f2,2x73 + 107* (q=53)
254,127,0.500000,S2,2x127
255,49,0.192157,S7f4,4x49 + 59* (q=29)
256,256,1.000000,S1,"AGL(1,256)"
257,257,1.000000,S1,"AGL(1,257)"
258,107,0.414729,S3,1x151 + 107* (q=53)
259,47,0.181467,S7f4,4x53 + 47* (q=23)
260,97,0.373077,S3,1x97 + 163* (q=3)
261,83,0.318008,S7f2,2x89 + 83* (q=41)
262,131,0.500000,S2,2x131
263,263,1.000000,S1,"AGL(1,263)"
264,107,0.405303,S3,1x157 + 107* (q=53)
265,79,0.298113,S7f2,2x79 + 107* (q=53)
266,103,0.387218,S3,1x103 + 163* (q=3)
267,89,0.333333,S2,3x89
268,101,0.376866,S3,1x101 + 167* (q=83)
269,269,1.000000,S1,"AGL(1,269)"
270,107,0.396296,S3,1x107 + 163* (q=3)
271,271,1.000000,S1,"AGL(1,271)"
272,109,0.400735,S3,1x109 + 163* (q=3)
273,83,0.304029,S7f2,2x83 + 107* (q=53)
274,137,0.500000,S2,2x137
275,64,0.232727,S7f3,3x64 + 83* (q=41)
276,113,0.409420,S3,1x113 + 163* (q=3)
277,277,1.000000,S1,"AGL(1,277)"
278,139,0.500000,S2,2x139
279,49,0.175627,S7f4,4x49 + 83* (q=41)
280,113,0.403571,S3,1x113 + 167* (q=83)
281,281,1.000000,S1,"AGL(1,281)"
282,103,0.365248,S3,1x103 + 179* (q=89)
283,283,1.000000,S1,"AGL(1,283)"
284,121,0.426056,S3,1x121 + 163* (q=3)
285,89,0.312281,S7f2,2x89 + 107* (q=53)
286,107,0.374126,S3,1x107 + 179* (q=89)
287,41,0.142857,S2,7x41
288,125,0.434028,S3,1x125 + 163* (q=3)
289,289,1.000000,S1,"AGL(1,289)"
290,127,0.437931,S3,1x127 + 163* (q=3)
291,128,0.439863,S3,1x128 + 163* (q=3)
292,125,0.428082,S3,1x125 + 167* (q=83)
293,293,1.000000,S1,"AGL(1,293)"
294,131,0.445578,S3,1x131 + 163* (q=3)
295,128,0.433898,S3,1x128 + 167* (q=83)
296,71,0.239865,S7f3,3x71 + 83* (q=41)
297,83,0.279461,S7f2,2x107 + 83* (q=41)
298,149,0.500000,S2,2x149
299,64,0.214047,S7f3,3x64 + 107* (q=53)
300,137,0.456667,S3,1x137 + 163* (q=3)
301,97,0.322259,S7f2,2x97 + 107* (q=53)
302,151,0.500000,S2,2x151
303,101,0.333333,S2,3x101
304,137,0.450658,S3,1x137 + 167* (q=83)
305,71,0.232787,S7f2,2x71 + 163* (q=3)
306,139,0.454248,S3,1x139 + 167* (q=83)
307,307,1.000000,S1,"AGL(1,307)"
308,81,0.262987,S3,1x81 + 227* (q=113)
309,103,0.333333,S2,3x103
310,131,0.422581,S3,1x131 + 179* (q=89)
311,311,1.000000,S1,"AGL(1,311)"
312,149,0.477564,S3,1x149 + 163* (q=3)
313,313,1.000000,S1,"AGL(1,313)"
314,157,0.500000,S2,2x157
315,64,0.203175,S3,1x64 + 251* (q=5)
316,149,0.471519,S3,1x149 + 167* (q=83)
317,317,1.000000,S1,"AGL(1,317)"
318,151,0.474843,S3,1x151 + 167* (q=83)
319,59,0.184953,S7f4,4x59 + 83* (q=41)
320,157,0.490625,S3,1x157 + 163* (q=3)
321,107,0.333333,S2,3x107
322,83,0.257764,S3,1x239 + 83* (q=41)
323,32,0.099071,S7f3,3x32 + 227* (q=113)
324,157,0.484568,S3,1x157 + 167* (q=83)
325,107,0.329231,S7f2,2x109 + 107* (q=53)
326,163,0.500000,S2,2x163
327,109,0.333333,S2,3x109
328,149,0.454268,S3,1x149 + 179* (q=89)
329,83,0.252280,S7f2,2x83 + 163* (q=3)
330,163,0.493939,S3,1x163 + 167* (q=83)
331,331,1.000000,S1,"AGL(1,331)"
332,163,0.490964,S3,1x169 + 163* (q=3)
333,107,0.321321,S7f2,2x113 + 107* (q=53)
334,167,0.500000,S2,2x167
335,67,0.200000,S2,5x67
336,167,0.497024,S3,1x169 + 167* (q=83)
337,337,1.000000,S1,"AGL(1,337)"
338,169,0.500000,S2,2x169
339,113,0.333333,S2,3x113
340,167,0.491176,S3,1x173 + 167* (q=83)
341,89,0.260997,S7f2,2x89 + 163* (q=3)
342,163,0.476608,S3,1x163 + 179* (q=89)
343,343,1.000000,S1,"AGL(1,343)"
344,163,0.473837,S3,1x181 + 163* (q=3)
345,89,0.257971,S7f2,2x89 + 167* (q=83)
346,173,0.500000,S2,2x173
347,347,1.000000,S1,"AGL(1,347)"
348,169,0.485632,S3,1x169 + 179* (q=89)
349,349,1.000000,S1,"AGL(1,349)"
350,107,0.305714,S3,1x243 + 107* (q=53)
351,67,0.190883,S7f4,4x67 + 83* (q=41)
352,173,0.491477,S3,1x173 + 179* (q=89)
353,353,1.000000,S1,"AGL(1,353)"
354,163,0.460452,S3,1x191 + 163* (q=3)
355,128,0.360563,S3,1x128 + 227* (q=113)
356,163,0.457865,S3,1x193 + 163* (q=3)
357,107,0.299720,S7f2,2x125 + 107* (q=53)
358,179,0.500000,S2,2x179
359,359,1.000000,S1,"AGL(1,359)"
360,179,0.497222,S3,1x181 + 179* (q=89)
361,361,1.000000,S1,"AGL(1,361)"
362,181,0.500000,S2,2x181
363,121,0.333333,S2,3x121
364,167,0.458791,S3,1x197 + 167* (q=83)
365,101,0.276712,S7f2,2x101 + 163* (q=3)
366,167,0.456284,S3,1x199 + 167* (q=83)
367,367,1.000000,S1,"AGL(1,367)"
368,67,0.182065,S7f3,3x67 + 167* (q=83)
369,107,0.289973,S7f2,2x131 + 107* (q=53)
370,179,0.483784,S3,1x191 + 179* (q=89)
371,64,0.172507,S7f3,3x64 + 179* (q=89)
372,179,0.481183,S3,1x193 + 179* (q=89)
373,373,1.000000,S1,"AGL(1,373)"
374,163,0.435829,S3,1x211 + 163* (q=3)
375,125,0.333333,S2,3x125
376,179,0.476064,S3,1x197 + 179* (q=89)
377,107,0.283820,S7f2,2x107 + 163* (q=3)
378,179,0.473545,S3,1x199 + 179* (q=89)
379,379,1.000000,S1,"AGL(1,379)"
380,71,0.186842,S7f3,3x71 + 167* (q=83)
381,127,0.333333,S2,3x127
382,191,0.500000,S2,2x191
383,383,1.000000,S1,"AGL(1,383)"
384,157,0.408854,S3,1x157 + 227* (q=113)
385,128,0.332468,S3,1x128 + 257* (q=2)
386,193,0.500000,S2,2x193
387,43,0.111111,S2,9x43
388,137,0.353093,S3,1x137 + 251* (q=5)
389,389,1.000000,S1,"AGL(1,389)"
390,179,0.458974,S3,1x211 + 179* (q=89)
391,128,0.327366,S3,1x128 + 263* (q=131)
392,163,0.415816,S3,1x229 + 163* (q=3)
393,131,0.333333,S2,3x131
394,197,0.500000,S2,2x197
395,79,0.200000,S2,5x79
396,169,0.426768,S3,1x169 + 227* (q=113)
397,397,1.000000,S1,"AGL(1,397)"
398,199,0.500000,S2,2x199
399,79,0.197995,S7f4,4x79 + 83* (q=41)
400,173,0.432500,S3,1x173 + 227* (q=113)
401,401,1.000000,S1,"AGL(1,401)"
402,179,0.445274,S3,1x223 + 179* (q=89)
403,73,0.181141,S7f2,2x73 + 257* (q=2)
404,163,0.403465,S3,1x241 + 163* (q=3)
405,121,0.298765,S7f2,2x121 + 163* (q=3)
406,179,0.440887,S3,1x179 + 227* (q=113)
407,81,0.199017,S7f4,4x81 + 83* (q=41)
408,181,0.443627,S3,1x181 + 227* (q=113)
409,409,1.000000,S1,"AGL(1,409)"
410,167,0.407317,S3,1x243 + 167* (q=83)
411,137,0.333333,S2,3x137
412,179,0.434466,S3,1x233 + 179* (q=89)
413,125,0.302663,S7f2,2x125 + 163* (q=3)
414,163,0.393720,S3,1x163 + 251* (q=5)
415,83,0.200000,S2,5x83
416,103,0.247596,S7f3,3x103 + 107* (q=53)
417,139,0.333333,S2,3x139
418,191,0.456938,S3,1x191 + 227* (q=113)
419,419,1.000000,S1,"AGL(1,419)"
420,193,0.459524,S3,1x193 + 227* (q=113)
421,421,1.000000,S1,"AGL(1,421)"
422,211,0.500000,S2,2x211
423,167,0.394799,S3,1x256 + 167* (q=83)
424,197,0.464623,S3,1x197 + 227* (q=113)
425,131,0.308235,S7f2,2x131 + 163* (q=3)
426,199,0.467136,S3,1x199 + 227* (q=113)
427,64,0.149883,S7f5,5x64 + 107* (q=53)
428,107,0.250000,S2,4x107
429,131,0.305361,S7f2,2x131 + 167* (q=83)
430,179,0.416279,S3,1x179 + 251* (q=5)
431,431,1.000000,S1,"AGL(1,431)"
432,181,0.418981,S3,1x181 + 251* (q=5)
433,433,1.000000,S1,"AGL(1,433)"
434,163,0.375576,S3,1x271 + 163* (q=3)
435,179,0.411494,S3,1x256 + 179* (q=89)
436,179,0.410550,S3,1x179 + 257* (q=2)
437,137,0.313501,S7f2,2x137 + 163* (q=3)
438,211,0.481735,S3,1x211 + 227* (q=113)
439,439,1.000000,S1,"AGL(1,439)"
440,163,0.370455,S3,1x277 + 163* (q=3)
441,139,0.315193,S7f2,2x139 + 163* (q=3)
442,191,0.432127,S3,1x191 + 251* (q=5)
443,443,1.000000,S1,"AGL(1,443)"
444,193,0.434685,S3,1x193 + 251* (q=5)
445,139,0.312360,S7f2,2x139 + 167* (q=83)
446,223,0.500000,S2,2x223
447,149,0.333333,S2,3x149
448,197,0.439732,S3,1x197 + 251* (q=5)
449,449,1.000000,S1,"AGL(1,449)"
450,223,0.495556,S3,1x223 + 227* (q=113)
451,97,0.215078,S7f2,2x97 + 257* (q=2)
452,163,0.360619,S3,1x289 + 163* (q=3)
453,151,0.333333,S2,3x151
454,227,0.500000,S2,2x227
455,73,0.160440,S7f4,4x73 + 163* (q=3)
456,227,0.497807,S3,1x229 + 227* (q=113)
457,457,1.000000,S1,"AGL(1,457)"
458,229,0.500000,S2,2x229
459,101,0.220044,S7f2,2x101 + 257* (q=2)
460,227,0.493478,S3,1x233 + 227* (q=113)
461,461,1.000000,S1,"AGL(1,461)"
462,211,0.456710,S3,1x211 + 251* (q=5)
463,463,1.000000,S1,"AGL(1,463)"
464,83,0.178879,S7f3,3x127 + 83* (q=41)
465,151,0.324731,S7f2,2x151 + 163* (q=3)
466,233,0.500000,S2,2x233
467,467,1.000000,S1,"AGL(1,467)"
468,227,0.485043,S3,1x241 + 227* (q=113)
469,151,0.321962,S7f2,2x151 + 167* (q=83)
470,227,0.482979,S3,1x243 + 227* (q=113)
471,157,0.333333,S2,3x157
472,179,0.379237,S3,1x293 + 179* (q=89)
473,61,0.128964,S7f6,6x61 + 107* (q=53)
474,223,0.470464,S3,1x223 + 251* (q=5)
475,128,0.269474,S3,1x128 + 347* (q=173)
476,163,0.342437,S3,1x313 + 163* (q=3)
477,157,0.329140,S7f2,2x157 + 163* (q=3)
478,239,0.500000,S2,2x239
479,479,1.000000,S1,"AGL(1,479)"
480,229,0.477083,S3,1x229 + 251* (q=5)
481,157,0.326403,S7f2,2x157 + 167* (q=83)
482,241,0.500000,S2,2x241
483,227,0.469979,S3,1x256 + 227* (q=113)
484,233,0.481405,S3,1x233 + 251* (q=5)
485,97,0.200000,S2,5x97
486,243,0.500000,S2,2x243
487,487,1.000000,S1,"AGL(1,487)"
488,107,0.219262,S7f3,3x107 + 167* (q=83)
489,163,0.333333,S2,3x163
490,239,0.487755,S3,1x239 + 251* (q=5)
491,491,1.000000,S1,"AGL(1,491)"
492,241,0.489837,S3,1x241 + 251* (q=5)
493,163,0.330629,S7f2,2x163 + 167* (q=83)
494,243,0.491903,S3,1x243 + 251* (q=5)
495,97,0.195960,S7f4,4x97 + 107* (q=53)
496,239,0.481855,S3,1x239 + 257* (q=2)
497,163,0.327968,S7f2,2x167 + 163* (q=3)
498,241,0.483936,S3,1x241 + 257* (q=2)
499,499,1.000000,S1,"AGL(1,499)"
500,243,0.486000,S3,1x243 + 257* (q=2)
501,167,0.333333,S2,3x167
502,251,0.500000,S2,2x251
503,503,1.000000,S1,"AGL(1,503)"
504,241,0.478175,S3,1x241 + 263* (q=131)
505,167,0.330693,S7f2,2x169 + 167* (q=83)
506,243,0.480237,S3,1x243 + 263* (q=131)
507,251,0.495069,S3,1x256 + 251* (q=5)
508,251,0.494094,S3,1x251 + 257* (q=2)
509,509,1.000000,S1,"AGL(1,509)"
510,227,0.445098,S3,1x283 + 227* (q=113)
511,128,0.250489,S3,1x128 + 383* (q=191)
512,512,1.000000,S1,"AGL(1,512)"
513,256,0.499025,S3,1x256 + 257* (q=2)
514,257,0.500000,S2,2x257
515,103,0.200000,S2,5x103
516,227,0.439922,S3,1x289 + 227* (q=113)
517,169,0.326886,S7f2,2x169 + 179* (q=89)
518,113,0.218147,S7f3,3x113 + 179* (q=89)
519,256,0.493256,S3,1x256 + 263* (q=131)
520,257,0.494231,S3,1x257 + 263* (q=131)
521,521,1.000000,S1,"AGL(1,521)"
522,251,0.480843,S3,1x271 + 251* (q=5)
523,523,1.000000,S1,"AGL(1,523)"
524,163,0.311069,S3,1x361 + 163* (q=3)
525,173,0.329524,S7f2,2x173 + 179* (q=89)
526,263,0.500000,S2,2x263
527,37,0.070209,S7f12,12x37 + 83* (q=41)
528,257,0.486742,S3,1x271 + 257* (q=2)
529,529,1.000000,S1,"AGL(1,529)"
530,163,0.307547,S3,1x367 + 163* (q=3)
531,137,0.258004,S7f2,2x137 + 257* (q=2)
532,263,0.494361,S3,1x269 + 263* (q=131)
533,71,0.133208,S7f6,6x71 + 107* (q=53)
534,263,0.492509,S3,1x271 + 263* (q=131)
535,139,0.259813,S7f2,2x139 + 257* (q=2)
536,163,0.304104,S3,1x373 + 163* (q=3)
537,179,0.333333,S2,3x179
538,269,0.500000,S2,2x269
539,64,0.118738,S7f3,3x64 + 347* (q=173)
540,263,0.487037,S3,1x277 + 263* (q=131)
541,541,1.000000,S1,"AGL(1,541)"
542,271,0.500000,S2,2x271
543,181,0.333333,S2,3x181
544,263,0.483456,S3,1x281 + 263* (q=131)
545,163,0.299083,S7f2,2x191 + 163* (q=3)
546,263,0.481685,S3,1x283 + 263* (q=131)
547,547,1.000000,S1,"AGL(1,547)"
548,137,0.250000,S2,4x137
549,167,0.304189,S7f2,2x191 + 167* (q=83)
550,257,0.467273,S3,1x293 + 257* (q=2)
551,128,0.232305,S7f3,3x128 + 167* (q=83)
552,263,0.476449,S3,1x289 + 263* (q=131)
553,167,0.301989,S7f2,2x193 + 167* (q=83)
554,277,0.500000,S2,2x277
555,149,0.268468,S7f2,2x149 + 257* (q=2)
556,263,0.473022,S3,1x293 + 263* (q=131)
557,557,1.000000,S1,"AGL(1,557)"
558,251,0.449821,S3,1x307 + 251* (q=5)
559,151,0.270125,S7f2,2x151 + 257* (q=2)
560,163,0.291071,S3,1x397 + 163* (q=3)
561,179,0.319073,S7f2,2x191 + 179* (q=89)
562,281,0.500000,S2,2x281
563,563,1.000000,S1,"AGL(1,563)"
564,257,0.455674,S3,1x307 + 257* (q=2)
565,179,0.316814,S7f2,2x193 + 179* (q=89)
566,283,0.500000,S2,2x283
567,101,0.178131,S7f4,4x101 + 163* (q=3)
568,257,0.452465,S3,1x311 + 257* (q=2)
569,569,1.000000,S1,"AGL(1,569)"
570,263,0.461404,S3,1x307 + 263* (q=131)
571,571,1.000000,S1,"AGL(1,571)"
572,163,0.284965,S3,1x409 + 163* (q=3)
573,191,0.333333,S2,3x191
574,263,0.458188,S3,1x311 + 263* (q=131)
575,103,0.179130,S7f4,4x103 + 163* (q=3)
576,263,0.456597,S3,1x313 + 263* (q=131)
577,577,1.000000,S1,"AGL(1,577)"
578,289,0.500000,S2,2x289
579,193,0.333333,S2,3x193
580,263,0.453448,S3,1x317 + 263* (q=131)
581,83,0.142857,S2,7x83
582,251,0.431271,S3,1x331 + 251* (q=5)
583,163,0.279588,S7f2,2x163 + 257* (q=2)
584,163,0.279110,S3,1x421 + 163* (q=3)
585,179,0.305983,S7f2,2x179 + 227* (q=113)
586,293,0.500000,S2,2x293
587,587,1.000000,S1,"AGL(1,587)"
588,257,0.437075,S3,1x331 + 257* (q=2)
589,181,0.307301,S7f2,2x181 + 227* (q=113)
590,243,0.411864,S3,1x243 + 347* (q=173)
591,197,0.333333,S2,3x197
592,233,0.393581,S3,1x233 + 359* (q=179)
593,593,1.000000,S1,"AGL(1,593)"
594,263,0.442761,S3,1x331 + 263* (q=131)
595,169,0.284034,S7f2,2x169 + 257* (q=2)
596,163,0.273490,S3,1x433 + 163* (q=3)
597,199,0.333333,S2,3x199
598,251,0.419732,S3,1x251 + 347* (q=173)
599,599,1.000000,S1,"AGL(1,599)"
600,263,0.438333,S3,1x337 + 263* (q=131)
601,601,1.000000,S1,"AGL(1,601)"
602,243,0.403654,S3,1x243 + 359* (q=179)
603,256,0.424544,S3,1x256 + 347* (q=173)
604,257,0.425497,S3,1x257 + 347* (q=173)
605,121,0.200000,S2,5x121
606,263,0.433993,S3,1x343 + 263* (q=131)
607,607,1.000000,S1,"AGL(1,607)"
608,127,0.208882,S7f3,3x127 + 227* (q=113)
609,191,0.313629,S7f2,2x191 + 227* (q=113)
610,263,0.431148,S3,1x263 + 347* (q=173)
611,128,0.209493,S7f3,3x128 + 227* (q=113)
612,263,0.429739,S3,1x349 + 263* (q=131)
613,613,1.000000,S1,"AGL(1,613)"
614,307,0.500000,S2,2x307
615,256,0.416260,S3,1x256 + 359* (q=179)
616,269,0.436688,S3,1x269 + 347* (q=173)
617,617,1.000000,S1,"AGL(1,617)"
618,271,0.438511,S3,1x271 + 347* (q=173)
619,619,1.000000,S1,"AGL(1,619)"
620,163,0.262903,S3,1x457 + 163* (q=3)
621,197,0.317230,S7f2,2x197 + 227* (q=113)
622,311,0.500000,S2,2x311
623,89,0.142857,S2,7x89
624,277,0.443910,S3,1x277 + 347* (q=173)
625,625,1.000000,S1,"AGL(1,625)"
626,313,0.500000,S2,2x313
627,67,0.106858,S7f4,4x67 + 359* (q=179)
628,281,0.447452,S3,1x281 + 347* (q=173)
629,163,0.259141,S7f2,2x233 + 163* (q=3)
630,283,0.449206,S3,1x283 + 347* (q=173)
631,631,1.000000,S1,"AGL(1,631)"
632,151,0.238924,S7f3,3x151 + 179* (q=89)
633,211,0.333333,S2,3x211
634,317,0.500000,S2,2x317
635,128,0.201575,S7f3,3x128 + 251* (q=5)
636,289,0.454403,S3,1x289 + 347* (q=173)
637,193,0.302983,S7f2,2x193 + 251* (q=5)
638,157,0.246082,S7f3,3x157 + 167* (q=83)
639,256,0.400626,S3,1x256 + 383* (q=191)
640,293,0.457813,S3,1x293 + 347* (q=173)
641,641,1.000000,S1,"AGL(1,641)"
642,283,0.440810,S3,1x283 + 359* (q=179)
643,643,1.000000,S1,"AGL(1,643)"
644,157,0.243789,S3,1x157 + 487* (q=3)
645,197,0.305426,S7f2,2x197 + 251* (q=5)
646,263,0.407121,S3,1x263 + 383* (q=191)
647,647,1.000000,S1,"AGL(1,647)"
648,289,0.445988,S3,1x289 + 359* (q=179)
649,211,0.325116,S7f2,2x211 + 227* (q=113)
650,163,0.250769,S3,1x163 + 487* (q=3)
651,197,0.302611,S7f2,2x197 + 257* (q=2)
652,293,0.449387,S3,1x293 + 359* (q=179)
653,653,1.000000,S1,"AGL(1,653)"
654,307,0.469419,S3,1x307 + 347* (q=173)
655,199,0.303817,S7f2,2x199 + 257* (q=2)
656,169,0.257622,S3,1x169 + 487* (q=3)
657,197,0.299848,S7f2,2x197 + 263* (q=131)
658,311,0.472644,S3,1x311 + 347* (q=173)
659,659,1.000000,S1,"AGL(1,659)"
660,313,0.474242,S3,1x313 + 347* (q=173)
661,661,1.000000,S1,"AGL(1,661)"
662,331,0.500000,S2,2x331
663,125,0.188537,S7f4,4x125 + 163* (q=3)
664,317,0.477410,S3,1x317 + 347* (q=173)
665,179,0.269173,S7f2,2x243 + 179* (q=89)
666,307,0.460961,S3,1x307 + 359* (q=179)
667,125,0.187406,S7f4,4x125 + 167* (q=83)
668,181,0.270958,S3,1x181 + 487* (q=3)
669,223,0.333333,S2,3x223
670,311,0.464179,S3,1x311 + 359* (q=179)
671,127,0.189270,S7f4,4x127 + 163* (q=3)
672,313,0.465774,S3,1x313 + 359* (q=179)
673,673,1.000000,S1,"AGL(1,673)"
674,337,0.500000,S2,2x337
675,163,0.241481,S7f2,2x256 + 163* (q=3)
676,317,0.468935,S3,1x317 + 359* (q=179)
677,677,1.000000,S1,"AGL(1,677)"
678,331,0.488201,S3,1x331 + 347* (q=173)
679,211,0.310751,S7f2,2x211 + 257* (q=2)
680,193,0.283824,S3,1x193 + 487* (q=3)
681,227,0.333333,S2,3x227
682,263,0.385630,S3,1x419 + 263* (q=131)
683,683,1.000000,S1,"AGL(1,683)"
684,337,0.492690,S3,1x337 + 347* (q=173)
685,227,0.331387,S7f2,2x229 + 227* (q=113)
686,343,0.500000,S2,2x343
687,229,0.333333,S2,3x229
688,257,0.373547,S3,1x431 + 257* (q=2)
689,163,0.236575,S7f2,2x263 + 163* (q=3)
690,343,0.497101,S3,1x343 + 347* (q=173)
691,691,1.000000,S1,"AGL(1,691)"
692,173,0.250000,S2,4x173
693,227,0.327561,S7f2,2x233 + 227* (q=113)
694,347,0.500000,S2,2x347
695,139,0.200000,S2,5x139
696,347,0.498563,S3,1x349 + 347* (q=173)
697,223,0.319943,S7f2,2x223 + 251* (q=5)
698,349,0.500000,S2,2x349
699,233,0.333333,S2,3x233
700,347,0.495714,S3,1x353 + 347* (q=173)
701,701,1.000000,S1,"AGL(1,701)"
702,343,0.488604,S3,1x343 + 359* (q=179)
703,223,0.317212,S7f2,2x223 + 257* (q=2)
704,167,0.237216,S7f3,3x179 + 167* (q=83)
705,227,0.321986,S7f2,2x227 + 251* (q=5)
706,353,0.500000,S2,2x353
707,101,0.142857,S2,7x101
708,349,0.492938,S3,1x349 + 359* (q=179)
709,709,1.000000,S1,"AGL(1,709)"
710,243,0.342254,S3,1x243 + 467* (q=233)
711,227,0.319269,S7f2,2x227 + 257* (q=2)
712,353,0.495787,S3,1x353 + 359* (q=179)
713,227,0.318373,S7f2,2x243 + 227* (q=113)
714,347,0.485994,S3,1x367 + 347* (q=173)
715,229,0.320280,S7f2,2x229 + 257* (q=2)
716,229,0.319832,S3,1x229 + 487* (q=3)
717,239,0.333333,S2,3x239
718,359,0.500000,S2,2x359
719,719,1.000000,S1,"AGL(1,719)"
720,359,0.498611,S3,1x361 + 359* (q=179)
721,229,0.317614,S7f2,2x229 + 263* (q=131)
722,361,0.500000,S2,2x361
723,256,0.354080,S3,1x256 + 467* (q=233)
724,263,0.363260,S3,1x461 + 263* (q=131)
725,163,0.224828,S7f2,2x281 + 163* (q=3)
726,359,0.494490,S3,1x367 + 359* (q=179)
727,727,1.000000,S1,"AGL(1,727)"
728,241,0.331044,S3,1x241 + 487* (q=3)
729,729,1.000000,S1,"AGL(1,729)"
730,347,0.475342,S3,1x347 + 383* (q=191)
731,128,0.175103,S7f3,3x128 + 347* (q=173)
732,359,0.490437,S3,1x373 + 359* (q=179)
733,733,1.000000,S1,"AGL(1,733)"
734,367,0.500000,S2,2x367
735,256,0.348299,S3,1x256 + 479* (q=239)
736,353,0.479620,S3,1x353 + 383* (q=191)
737,243,0.329715,S7f2,2x243 + 251* (q=5)
738,359,0.486450,S3,1x379 + 359* (q=179)
739,739,1.000000,S1,"AGL(1,739)"
740,167,0.225676,S7f3,3x191 + 167* (q=83)
741,239,0.322537,S7f2,2x239 + 263* (q=131)
742,359,0.483827,S3,1x359 + 383* (q=191)
743,743,1.000000,S1,"AGL(1,743)"
744,361,0.485215,S3,1x361 + 383* (q=191)
745,241,0.323490,S7f2,2x241 + 263* (q=131)
746,373,0.500000,S2,2x373
747,121,0.161981,S7f4,4x121 + 263* (q=131)
748,359,0.479947,S3,1x389 + 359* (q=179)
749,243,0.324433,S7f2,2x243 + 263* (q=131)
750,367,0.489333,S3,1x367 + 383* (q=191)
751,751,1.000000,S1,"AGL(1,751)"
752,179,0.238032,S7f3,3x191 + 179* (q=89)
753,251,0.333333,S2,3x251
754,263,0.348806,S3,1x491 + 263* (q=131)
755,151,0.200000,S2,5x151
756,373,0.493386,S3,1x373 + 383* (q=191)
757,757,1.000000,S1,"AGL(1,757)"
758,379,0.500000,S2,2x379
759,256,0.337286,S3,1x256 + 503* (q=251)
760,359,0.472368,S3,1x401 + 359* (q=179)
761,761,1.000000,S1,"AGL(1,761)"
762,379,0.497375,S3,1x379 + 383* (q=191)
763,251,0.328965,S7f2,2x256 + 251* (q=5)
764,277,0.362565,S3,1x277 + 487* (q=3)
765,251,0.328105,S7f2,2x251 + 263* (q=131)
766,383,0.500000,S2,2x383
767,151,0.196871,S7f4,4x151 + 163* (q=3)
768,359,0.467448,S3,1x409 + 359* (q=179)
769,769,1.000000,S1,"AGL(1,769)"
770,283,0.367532,S3,1x283 + 487* (q=3)
771,257,0.333333,S2,3x257
772,383,0.496114,S3,1x389 + 383* (q=191)
773,773,1.000000,S1,"AGL(1,773)"
774,307,0.396641,S3,1x307 + 467* (q=233)
775,263,0.339355,S3,1x512 + 263* (q=131)
776,289,0.372423,S3,1x289 + 487* (q=3)
777,257,0.330759,S7f2,2x257 + 263* (q=131)
778,389,0.500000,S2,2x389
779,73,0.093710,S7f4,4x73 + 487* (q=3)
780,383,0.491026,S3,1x397 + 383* (q=191)
781,227,0.290653,S7f2,2x277 + 227* (q=113)
782,173,0.221228,S7f3,3x173 + 263* (q=131)
783,257,0.328225,S7f2,2x263 + 257* (q=2)
784,383,0.488520,S3,1x401 + 383* (q=191)
785,163,0.207643,S7f2,2x311 + 163* (q=3)
786,347,0.441476,S3,1x439 + 347* (q=173)
787,787,1.000000,S1,"AGL(1,787)"
788,197,0.250000,S2,4x197
789,263,0.333333,S2,3x263
790,359,0.454430,S3,1x431 + 359* (q=179)
791,157,0.198483,S7f4,4x157 + 163* (q=3)
792,383,0.483586,S3,1x409 + 383* (q=191)
793,251,0.316520,S7f2,2x271 + 251* (q=5)
794,397,0.500000,S2,2x397
795,257,0.323270,S7f2,2x269 + 257* (q=2)
796,347,0.435930,S3,1x449 + 347* (q=173)
797,797,1.000000,S1,"AGL(1,797)"
798,359,0.449875,S3,1x439 + 359* (q=179)
799,257,0.321652,S7f2,2x271 + 257* (q=2)
800,313,0.391250,S3,1x313 + 487* (q=3)
801,263,0.328340,S7f2,2x269 + 263* (q=131)
802,401,0.500000,S2,2x401
803,128,0.159402,S7f5,5x128 + 163* (q=3)
804,383,0.476368,S3,1x421 + 383* (q=191)
805,263,0.326708,S7f2,2x271 + 263* (q=131)
806,243,0.301489,S3,1x243 + 563* (q=281)
807,269,0.333333,S2,3x269
808,359,0.444307,S3,1x449 + 359* (q=179)
809,809,1.000000,S1,"AGL(1,809)"
810,347,0.428395,S3,1x463 + 347* (q=173)
811,811,1.000000,S1,"AGL(1,811)"
812,179,0.220443,S7f3,3x211 + 179* (q=89)
813,271,0.333333,S2,3x271
814,383,0.470516,S3,1x431 + 383* (q=191)
815,163,0.200000,S2,5x163
816,383,0.469363,S3,1x433 + 383* (q=191)
817,263,0.321909,S7f2,2x277 + 263* (q=131)
818,409,0.500000,S2,2x409
819,257,0.313797,S7f2,2x281 + 257* (q=2)
820,359,0.437805,S3,1x461 + 359* (q=179)
821,821,1.000000,S1,"AGL(1,821)"
822,383,0.465937,S3,1x439 + 383* (q=191)
823,823,1.000000,S1,"AGL(1,823)"
824,337,0.408981,S3,1x337 + 487* (q=3)
825,263,0.318788,S7f2,2x281 + 263* (q=131)
826,383,0.463680,S3,1x443 + 383* (q=191)
827,827,1.000000,S1,"AGL(1,827)"
828,361,0.435990,S3,1x361 + 467* (q=233)
829,829,1.000000,S1,"AGL(1,829)"
830,343,0.413253,S3,1x343 + 487* (q=3)
831,277,0.333333,S2,3x277
832,383,0.460337,S3,1x449 + 383* (q=191)
833,243,0.291717,S7f2,2x243 + 347* (q=173)
834,367,0.440048,S3,1x367 + 467* (q=233)
835,257,0.307784,S7f2,2x289 + 257* (q=2)
836,349,0.417464,S3,1x349 + 487* (q=3)
837,251,0.299881,S7f2,2x293 + 251* (q=5)
838,419,0.500000,S2,2x419
839,839,1.000000,S1,"AGL(1,839)"
840,383,0.455952,S3,1x457 + 383* (q=191)
841,841,1.000000,S1,"AGL(1,841)"
842,421,0.500000,S2,2x421
843,281,0.333333,S2,3x281
844,383,0.453791,S3,1x461 + 383* (q=191)
845,243,0.287574,S7f2,2x243 + 359* (q=179)
846,383,0.452719,S3,1x463 + 383* (q=191)
847,167,0.197166,S7f4,4x167 + 179* (q=89)
848,361,0.425708,S3,1x361 + 487* (q=3)
849,283,0.333333,S2,3x283
850,383,0.450588,S3,1x383 + 467* (q=233)
851,128,0.150411,S7f3,3x128 + 467* (q=233)
852,373,0.437793,S3,1x373 + 479* (q=239)
853,853,1.000000,S1,"AGL(1,853)"
854,367,0.429742,S3,1x367 + 487* (q=3)
855,169,0.197661,S7f4,4x169 + 179* (q=89)
856,389,0.454439,S3,1x389 + 467* (q=233)
857,857,1.000000,S1,"AGL(1,857)"
858,379,0.441725,S3,1x379 + 479* (q=239)
859,859,1.000000,S1,"AGL(1,859)"
860,373,0.433721,S3,1x373 + 487* (q=3)
861,257,0.298490,S7f2,2x257 + 347* (q=173)
862,431,0.500000,S2,2x431
863,863,1.000000,S1,"AGL(1,863)"
864,397,0.459491,S3,1x397 + 467* (q=233)
865,251,0.290173,S7f2,2x307 + 251* (q=5)
866,433,0.500000,S2,2x433
867,289,0.333333,S2,3x289
868,401,0.461982,S3,1x401 + 467* (q=233)
869,243,0.279632,S7f2,2x243 + 383* (q=191)
870,383,0.440230,S3,1x383 + 487* (q=3)
871,359,0.412170,S3,1x512 + 359* (q=179)
872,163,0.186927,S7f3,3x163 + 383* (q=191)
873,263,0.301260,S7f2,2x263 + 347* (q=173)
874,383,0.438215,S3,1x491 + 383* (q=191)
875,125,0.142857,S2,7x125
876,409,0.466895,S3,1x409 + 467* (q=233)
877,877,1.000000,S1,"AGL(1,877)"
878,439,0.500000,S2,2x439
879,293,0.333333,S2,3x293
880,401,0.455682,S3,1x401 + 479* (q=239)
881,881,1.000000,S1,"AGL(1,881)"
882,383,0.434240,S3,1x499 + 383* (q=191)
883,883,1.000000,S1,"AGL(1,883)"
884,397,0.449095,S3,1x397 + 487* (q=3)
885,269,0.303955,S7f2,2x269 + 347* (q=173)
886,443,0.500000,S2,2x443
887,887,1.000000,S1,"AGL(1,887)"
888,421,0.474099,S3,1x421 + 467* (q=233)
889,271,0.304837,S7f2,2x271 + 347* (q=173)
890,211,0.237079,S7f3,3x211 + 257* (q=2)
891,257,0.288440,S7f2,2x317 + 257* (q=2)
892,389,0.436099,S3,1x389 + 503* (q=251)
893,163,0.182531,S11,1x243 + 163* + 487* (q=3)
894,347,0.388143,S3,1x547 + 347* (q=173)
895,383,0.427933,S3,1x512 + 383* (q=191)
896,409,0.456473,S3,1x409 + 487* (q=3)
897,269,0.299889,S7f2,2x269 + 359* (q=179)
898,449,0.500000,S2,2x449
899,107,0.119021,S7f6,6x107 + 257* (q=2)
900,433,0.481111,S3,1x433 + 467* (q=233)
901,277,0.307436,S7f2,2x277 + 347* (q=173)
902,181,0.200665,S7f3,3x181 + 359* (q=179)
903,179,0.198228,S7f4,4x181 + 179* (q=89)
904,401,0.443584,S3,1x401 + 503* (q=251)
905,181,0.200000,S2,5x181
906,439,0.484547,S3,1x439 + 467* (q=233)
907,907,1.000000,S1,"AGL(1,907)"
908,421,0.463656,S3,1x421 + 487* (q=3)
909,281,0.309131,S7f2,2x281 + 347* (q=173)
910,443,0.486813,S3,1x443 + 467* (q=233)
911,911,1.000000,S1,"AGL(1,911)"
912,433,0.474781,S3,1x433 + 479* (q=239)
913,283,0.309967,S7f2,2x283 + 347* (q=173)
914,457,0.500000,S2,2x457
915,163,0.178142,S7f4,4x163 + 263* (q=131)
916,449,0.490175,S3,1x449 + 467* (q=233)
917,131,0.142857,S2,7x131
918,439,0.478214,S3,1x439 + 479* (q=239)
919,919,1.000000,S1,"AGL(1,919)"
920,433,0.470652,S3,1x433 + 487* (q=3)
921,307,0.333333,S2,3x307
922,461,0.500000,S2,2x461
923,109,0.118093,S7f4,4x109 + 487* (q=3)
924,457,0.494589,S3,1x457 + 467* (q=233)
925,289,0.312432,S7f2,2x289 + 347* (q=173)
926,463,0.500000,S2,2x463
927,169,0.182309,S7f4,4x169 + 251* (q=5)
928,461,0.496767,S3,1x461 + 467* (q=233)
929,929,1.000000,S1,"AGL(1,929)"
930,463,0.497849,S3,1x463 + 467* (q=233)
931,257,0.276047,S7f2,2x337 + 257* (q=2)
932,233,0.250000,S2,4x233
933,311,0.333333,S2,3x311
934,467,0.500000,S2,2x467
935,167,0.178610,S7f3,3x256 + 167* (q=83)
936,457,0.488248,S3,1x457 + 479* (q=239)
937,937,1.000000,S1,"AGL(1,937)"
938,229,0.244136,S7f3,3x229 + 251* (q=5)
939,313,0.333333,S2,3x313
940,461,0.490426,S3,1x461 + 479* (q=239)
941,941,1.000000,S1,"AGL(1,941)"
942,463,0.491507,S3,1x463 + 479* (q=239)
943,257,0.272534,S7f2,2x343 + 257* (q=2)
944,457,0.484110,S3,1x457 + 487* (q=3)
945,293,0.310053,S7f2,2x293 + 359* (q=179)
946,467,0.493658,S3,1x467 + 479* (q=239)
947,947,1.000000,S1,"AGL(1,947)"
948,461,0.486287,S3,1x461 + 487* (q=3)
949,283,0.298209,S7f2,2x283 + 383* (q=191)
950,463,0.487368,S3,1x463 + 487* (q=3)
951,317,0.333333,S2,3x317
952,449,0.471639,S3,1x449 + 503* (q=251)
953,953,1.000000,S1,"AGL(1,953)"
954,467,0.489518,S3,1x467 + 487* (q=3)
955,257,0.269110,S7f2,2x349 + 257* (q=2)
956,239,0.250000,S2,4x239
957,263,0.274817,S7f2,2x347 + 263* (q=131)
958,479,0.500000,S2,2x479
959,163,0.169969,S7f4,4x199 + 163* (q=3)
960,457,0.476042,S3,1x457 + 503* (q=251)
961,961,1.000000,S1,"AGL(1,961)"
962,243,0.252599,S3,1x243 + 719* (q=359)
963,257,0.266874,S7f2,2x353 + 257* (q=2)
964,461,0.478216,S3,1x461 + 503* (q=251)
965,243,0.251813,S7f2,2x243 + 479* (q=239)
966,479,0.495859,S3,1x479 + 487* (q=3)
967,967,1.000000,S1,"AGL(1,967)"
968,239,0.246901,S7f3,3x239 + 251* (q=5)
969,311,0.320949,S7f2,2x311 + 347* (q=173)
970,479,0.493814,S3,1x491 + 479* (q=239)
971,971,1.000000,S1,"AGL(1,971)"
972,409,0.420782,S3,1x409 + 563* (q=281)
973,313,0.321686,S7f2,2x313 + 347* (q=173)
974,487,0.500000,S2,2x487
975,257,0.263590,S7f2,2x359 + 257* (q=2)
976,467,0.478484,S3,1x509 + 467* (q=233)
977,977,1.000000,S1,"AGL(1,977)"
978,487,0.497955,S3,1x491 + 487* (q=3)
979,467,0.477017,S3,1x512 + 467* (q=233)
980,251,0.256122,S3,1x729 + 251* (q=5)
981,317,0.323140,S7f2,2x317 + 347* (q=173)
982,491,0.500000,S2,2x491
983,983,1.000000,S1,"AGL(1,983)"
984,421,0.427846,S3,1x421 + 563* (q=281)
985,313,0.317766,S7f2,2x313 + 359* (q=179)
986,487,0.493915,S3,1x499 + 487* (q=3)
987,181,0.183384,S7f4,4x181 + 263* (q=131)
988,479,0.484818,S3,1x509 + 479* (q=239)
989,251,0.253792,S7f2,2x251 + 487* (q=3)
990,487,0.491919,S3,1x487 + 503* (q=251)
991,991,1.000000,S1,"AGL(1,991)"
992,263,0.265121,S3,1x729 + 263* (q=131)
993,331,0.333333,S2,3x331
994,491,0.493964,S3,1x491 + 503* (q=251)
995,227,0.228141,S7f3,3x256 + 227* (q=113)
996,487,0.488956,S3,1x509 + 487* (q=3)
997,997,1.000000,S1,"AGL(1,997)"
998,499,0.500000,S2,2x499
999,487,0.487487,S3,1x512 + 487* (q=3)
1000,479,0.479000,S3,1x521 + 479* (q=239)
